recipe_id,fdc_id,grams,ingredient
mercimek_corbasi,174284,300,"red lentils, 1.5 cups"
mercimek_corbasi,170000,110,"onion, 1 medium"
mercimek_corbasi,170393,60,"carrot, 1 medium"
mercimek_corbasi,171017,27,"sunflower oil, 2 tbsp"
mercimek_corbasi,168894,8,"flour, 1 tbsp"
mercimek_corbasi,173410,14,"butter for the topping, 1 tbsp"
mercimek_corbasi,173647,1600,"water, 8 Turkish glasses"
mercimek_corbasi,173468,6,"salt, 1 tsp"
ayran,171284,500,"whole milk yogurt"
ayran,173647,500,"water"
ayran,173468,3,"salt, 1/2 tsp"
coban_salatasi,170457,300,"tomatoes, 2 medium"
coban_salatasi,168409,200,"cucumbers, 2 small"
coban_salatasi,170427,50,"green peppers, 2"
coban_salatasi,170000,80,"onion, 1 small"
coban_salatasi,170416,20,"parsley, 1/2 bunch"
coban_salatasi,171413,27,"olive oil, 2 tbsp"
coban_salatasi,167747,30,"lemon juice, 2 tbsp"
coban_salatasi,173468,6,"salt, 1 tsp"
menemen,171287,150,"eggs, 3"
menemen,170457,300,"tomatoes, 2 large"
menemen,170427,100,"green peppers, 3-4"
menemen,171017,27,"sunflower oil, 2 tbsp"
menemen,173468,3,"salt, 1/2 tsp"
izgara_kofte,171797,335,"ground beef 80/20, broiled (from 500 g raw)"
izgara_kofte,170000,100,"onion, grated"
izgara_kofte,174928,30,"bread crumbs"
izgara_kofte,170923,3,"cumin, 1 tsp"
izgara_kofte,173468,5,"salt"
lahmacun,168894,400,"flour (dough)"
lahmacun,173647,240,"water (dough)"
lahmacun,175043,5,"dry yeast (dough)"
lahmacun,173468,6,"salt (dough)"
lahmacun,174036,250,"ground beef 80/20, raw (topping)"
lahmacun,170000,100,"onion (topping)"
lahmacun,170457,150,"tomatoes (topping)"
lahmacun,170427,50,"green peppers (topping)"
lahmacun,170416,20,"parsley (topping)"
lahmacun,170459,30,"tomato paste, 2 tbsp (topping)"
lahmacun,170932,3,"red pepper flakes (topping)"
lahmacun,173468,3,"salt (topping)"
